关键词,种子来源,竞品域名
Can I have a calculator please google?,fabric yardage calculator; fabric calculator; yardage calculator,azure.microsoft.com; docs.equinix.com; elmwoodbark.com; fabrics-fabrics.com; frsystems.ca
Can I measure my yard online?,fabric yardage calculator; fabric calculator; yardage calculator,azure.microsoft.com; docs.equinix.com; elmwoodbark.com; fabrics-fabrics.com; frsystems.ca
Can I measure my yard using Google Maps?,fabric yardage calculator; fabric calculator; yardage calculator,azure.microsoft.com; docs.equinix.com; elmwoodbark.com; fabrics-fabrics.com; frsystems.ca
Can you calculate this for me?,fabric yardage calculator; fabric calculator; yardage calculator,azure.microsoft.com; docs.equinix.com; elmwoodbark.com; fabrics-fabrics.com; frsystems.ca
Can you show me my calculator?,fabric yardage calculator; fabric calculator; yardage calculator,azure.microsoft.com; docs.equinix.com; elmwoodbark.com; fabrics-fabrics.com; frsystems.ca
Does 3 feet equal one yard?,fabric yardage calculator; fabric calculator; yardage calculator,azure.microsoft.com; docs.equinix.com; elmwoodbark.com; fabrics-fabrics.com; frsystems.ca
How are yards calculated?,fabric yardage calculator; fabric calculator; yardage calculator,azure.microsoft.com; docs.equinix.com; elmwoodbark.com; fabrics-fabrics.com; frsystems.ca
How big is a 3 yard piece of fabric?,fabric yardage calculator; fabric calculator; yardage calculator,azure.microsoft.com; docs.equinix.com; elmwoodbark.com; fabrics-fabrics.com; frsystems.ca
How big is my yard calculator free?,fabric yardage calculator; fabric calculator; yardage calculator,azure.microsoft.com; docs.equinix.com; elmwoodbark.com; fabrics-fabrics.com; frsystems.ca
How can I measure my yard with my phone?,fabric yardage calculator; fabric calculator; yardage calculator,azure.microsoft.com; docs.equinix.com; elmwoodbark.com; fabrics-fabrics.com; frsystems.ca
How do I calculate how many yards I need?,fabric yardage calculator; fabric calculator; yardage calculator,azure.microsoft.com; docs.equinix.com; elmwoodbark.com; fabrics-fabrics.com; frsystems.ca
How do I calculate how many yards of fabric I need?,fabric yardage calculator; fabric calculator; yardage calculator,azure.microsoft.com; docs.equinix.com; elmwoodbark.com; fabrics-fabrics.com; frsystems.ca
How do I calculate how much fabric I need for a pattern?,fabric yardage calculator; fabric calculator; yardage calculator,azure.microsoft.com; docs.equinix.com; elmwoodbark.com; fabrics-fabrics.com; frsystems.ca
How do I calculate how much fabric I need?,fabric yardage calculator; fabric calculator; yardage calculator,azure.microsoft.com; docs.equinix.com; elmwoodbark.com; fabrics-fabrics.com; frsystems.ca
How do I calculate yardage needed?,fabric yardage calculator; fabric calculator; yardage calculator,azure.microsoft.com; docs.equinix.com; elmwoodbark.com; fabrics-fabrics.com; frsystems.ca
How do I calculate yardage?,fabric yardage calculator; fabric calculator; yardage calculator,azure.microsoft.com; docs.equinix.com; elmwoodbark.com; fabrics-fabrics.com; frsystems.ca
How do I estimate how much fabric I need?,fabric yardage calculator; fabric calculator; yardage calculator,azure.microsoft.com; docs.equinix.com; elmwoodbark.com; fabrics-fabrics.com; frsystems.ca
How do I figure how much material I need?,fabric yardage calculator; fabric calculator; yardage calculator,azure.microsoft.com; docs.equinix.com; elmwoodbark.com; fabrics-fabrics.com; frsystems.ca
How do you calculate yards?,fabric yardage calculator; fabric calculator; yardage calculator,azure.microsoft.com; docs.equinix.com; elmwoodbark.com; fabrics-fabrics.com; frsystems.ca
How large is 1 yard of fabric?,fabric yardage calculator; fabric calculator; yardage calculator,azure.microsoft.com; docs.equinix.com; elmwoodbark.com; fabrics-fabrics.com; frsystems.ca
How large is 3 yards of fabric?,fabric yardage calculator; fabric calculator; yardage calculator,azure.microsoft.com; docs.equinix.com; elmwoodbark.com; fabrics-fabrics.com; frsystems.ca
How many 40lb bags of topsoil equal 1 cubic yard?,fabric yardage calculator; fabric calculator; yardage calculator,azure.microsoft.com; docs.equinix.com; elmwoodbark.com; fabrics-fabrics.com; frsystems.ca
How many 40lb bags of topsoil equal a yard?,fabric yardage calculator; fabric calculator; yardage calculator,azure.microsoft.com; docs.equinix.com; elmwoodbark.com; fabrics-fabrics.com; frsystems.ca
How many cubic yards is 7x14x2?,fabric yardage calculator; fabric calculator; yardage calculator,azure.microsoft.com; docs.equinix.com; elmwoodbark.com; fabrics-fabrics.com; frsystems.ca
How many yards per foot?,fabric yardage calculator; fabric calculator; yardage calculator,azure.microsoft.com; docs.equinix.com; elmwoodbark.com; fabrics-fabrics.com; frsystems.ca
How much can 1 yard of fabric cover?,fabric yardage calculator; fabric calculator; yardage calculator,azure.microsoft.com; docs.equinix.com; elmwoodbark.com; fabrics-fabrics.com; frsystems.ca
How much does 1 yard of fabric cover?,fabric yardage calculator; fabric calculator; yardage calculator,azure.microsoft.com; docs.equinix.com; elmwoodbark.com; fabrics-fabrics.com; frsystems.ca
How much fabric is 3 yards?,fabric yardage calculator; fabric calculator; yardage calculator,azure.microsoft.com; docs.equinix.com; elmwoodbark.com; fabrics-fabrics.com; frsystems.ca
How much is 1 cubic yard visually?,fabric yardage calculator; fabric calculator; yardage calculator,azure.microsoft.com; docs.equinix.com; elmwoodbark.com; fabrics-fabrics.com; frsystems.ca
How much is 1 yard of fabric?,fabric yardage calculator; fabric calculator; yardage calculator,azure.microsoft.com; docs.equinix.com; elmwoodbark.com; fabrics-fabrics.com; frsystems.ca
How much will 1 cubic yard cover?,fabric yardage calculator; fabric calculator; yardage calculator,azure.microsoft.com; docs.equinix.com; elmwoodbark.com; fabrics-fabrics.com; frsystems.ca
How to calculate calculator?,fabric yardage calculator; fabric calculator; yardage calculator,azure.microsoft.com; docs.equinix.com; elmwoodbark.com; fabrics-fabrics.com; frsystems.ca
How to calculate fabric amount?,fabric yardage calculator; fabric calculator; yardage calculator,azure.microsoft.com; docs.equinix.com; elmwoodbark.com; fabrics-fabrics.com; frsystems.ca
How to calculate fabric costing?,fabric yardage calculator; fabric calculator; yardage calculator,azure.microsoft.com; docs.equinix.com; elmwoodbark.com; fabrics-fabrics.com; frsystems.ca
How to calculate how many yards of material is needed?,fabric yardage calculator; fabric calculator; yardage calculator,azure.microsoft.com; docs.equinix.com; elmwoodbark.com; fabrics-fabrics.com; frsystems.ca
How to calculate the price of fabric?,fabric yardage calculator; fabric calculator; yardage calculator,azure.microsoft.com; docs.equinix.com; elmwoodbark.com; fabrics-fabrics.com; frsystems.ca
How to figure out how many yards of fabric are needed?,fabric yardage calculator; fabric calculator; yardage calculator,azure.microsoft.com; docs.equinix.com; elmwoodbark.com; fabrics-fabrics.com; frsystems.ca
Is 1 cubic yard a lot?,fabric yardage calculator; fabric calculator; yardage calculator,azure.microsoft.com; docs.equinix.com; elmwoodbark.com; fabrics-fabrics.com; frsystems.ca
Is 3 yards a lot of fabric?,fabric yardage calculator; fabric calculator; yardage calculator,azure.microsoft.com; docs.equinix.com; elmwoodbark.com; fabrics-fabrics.com; frsystems.ca
Is a yard 3 by 3?,fabric yardage calculator; fabric calculator; yardage calculator,azure.microsoft.com; docs.equinix.com; elmwoodbark.com; fabrics-fabrics.com; frsystems.ca
Is a yard calculator free to use?,fabric yardage calculator; fabric calculator; yardage calculator,azure.microsoft.com; docs.equinix.com; elmwoodbark.com; fabrics-fabrics.com; frsystems.ca
Is a yard of fabric 3 feet by 3 feet?,fabric yardage calculator; fabric calculator; yardage calculator,azure.microsoft.com; docs.equinix.com; elmwoodbark.com; fabrics-fabrics.com; frsystems.ca
Is a yard of fabric 3 ft by 3 ft?,fabric yardage calculator; fabric calculator; yardage calculator,azure.microsoft.com; docs.equinix.com; elmwoodbark.com; fabrics-fabrics.com; frsystems.ca
Is a yard of fabric 36 by 36?,fabric yardage calculator; fabric calculator; yardage calculator,azure.microsoft.com; docs.equinix.com; elmwoodbark.com; fabrics-fabrics.com; frsystems.ca
Is there a free calculator?,fabric yardage calculator; fabric calculator; yardage calculator,azure.microsoft.com; docs.equinix.com; elmwoodbark.com; fabrics-fabrics.com; frsystems.ca
Is there a free online yardage calculator?,fabric yardage calculator; fabric calculator; yardage calculator,azure.microsoft.com; docs.equinix.com; elmwoodbark.com; fabrics-fabrics.com; frsystems.ca
What does 1 yd of fabric look like?,fabric yardage calculator; fabric calculator; yardage calculator,azure.microsoft.com; docs.equinix.com; elmwoodbark.com; fabrics-fabrics.com; frsystems.ca
What is 3 yards equivalent to?,fabric yardage calculator; fabric calculator; yardage calculator,azure.microsoft.com; docs.equinix.com; elmwoodbark.com; fabrics-fabrics.com; frsystems.ca
What is the Microsoft Fabric cost Estimator?,fabric yardage calculator; fabric calculator; yardage calculator,azure.microsoft.com; docs.equinix.com; elmwoodbark.com; fabrics-fabrics.com; frsystems.ca
What is the best calculator website?,fabric yardage calculator; fabric calculator; yardage calculator,azure.microsoft.com; docs.equinix.com; elmwoodbark.com; fabrics-fabrics.com; frsystems.ca
What is the fabric pricing calculator?,fabric yardage calculator; fabric calculator; yardage calculator,azure.microsoft.com; docs.equinix.com; elmwoodbark.com; fabrics-fabrics.com; frsystems.ca
What is the formula for calculating yardage?,fabric yardage calculator; fabric calculator; yardage calculator,azure.microsoft.com; docs.equinix.com; elmwoodbark.com; fabrics-fabrics.com; frsystems.ca
What is the formula for yard?,fabric yardage calculator; fabric calculator; yardage calculator,azure.microsoft.com; docs.equinix.com; elmwoodbark.com; fabrics-fabrics.com; frsystems.ca
What is the measure of 1 yard?,fabric yardage calculator; fabric calculator; yardage calculator,azure.microsoft.com; docs.equinix.com; elmwoodbark.com; fabrics-fabrics.com; frsystems.ca
Will 1 cubic yard fit in a pickup?,fabric yardage calculator; fabric calculator; yardage calculator,azure.microsoft.com; docs.equinix.com; elmwoodbark.com; fabrics-fabrics.com; frsystems.ca
calculating fabric yardage,fabric yardage calculator; fabric calculator; yardage calculator,azure.microsoft.com; docs.equinix.com; elmwoodbark.com; fabrics-fabrics.com; frsystems.ca
calculating fabric yardage for,fabric yardage calculator; fabric calculator; yardage calculator,azure.microsoft.com; docs.equinix.com; elmwoodbark.com; fabrics-fabrics.com; frsystems.ca
calculating fabric yardage for your,fabric yardage calculator; fabric calculator; yardage calculator,azure.microsoft.com; docs.equinix.com; elmwoodbark.com; fabrics-fabrics.com; frsystems.ca
calculating fabric yardage for your project,fabric yardage calculator; fabric calculator; yardage calculator,azure.microsoft.com; docs.equinix.com; elmwoodbark.com; fabrics-fabrics.com; frsystems.ca
cubic yard calculator,fabric yardage calculator; fabric calculator; yardage calculator,azure.microsoft.com; docs.equinix.com; elmwoodbark.com; fabrics-fabrics.com; frsystems.ca
cubic yards calculator,fabric yardage calculator; fabric calculator; yardage calculator,azure.microsoft.com; docs.equinix.com; elmwoodbark.com; fabrics-fabrics.com; frsystems.ca
fabric calculator by,fabric yardage calculator; fabric calculator; yardage calculator,azure.microsoft.com; docs.equinix.com; elmwoodbark.com; fabrics-fabrics.com; frsystems.ca
fabric calculator by sailrite,fabric yardage calculator; fabric calculator; yardage calculator,azure.microsoft.com; docs.equinix.com; elmwoodbark.com; fabrics-fabrics.com; frsystems.ca
free pieces to,fabric yardage calculator; fabric calculator; yardage calculator,azure.microsoft.com; docs.equinix.com; elmwoodbark.com; fabrics-fabrics.com; frsystems.ca
free pieces to yardage,fabric yardage calculator; fabric calculator; yardage calculator,azure.microsoft.com; docs.equinix.com; elmwoodbark.com; fabrics-fabrics.com; frsystems.ca
free pieces to yardage area,fabric yardage calculator; fabric calculator; yardage calculator,azure.microsoft.com; docs.equinix.com; elmwoodbark.com; fabrics-fabrics.com; frsystems.ca
free pieces to yardage area calculator,fabric yardage calculator; fabric calculator; yardage calculator,azure.microsoft.com; docs.equinix.com; elmwoodbark.com; fabrics-fabrics.com; frsystems.ca
how to estimate,fabric yardage calculator; fabric calculator; yardage calculator,azure.microsoft.com; docs.equinix.com; elmwoodbark.com; fabrics-fabrics.com; frsystems.ca
how to estimate fabric,fabric yardage calculator; fabric calculator; yardage calculator,azure.microsoft.com; docs.equinix.com; elmwoodbark.com; fabrics-fabrics.com; frsystems.ca
how to estimate fabric yardage,fabric yardage calculator; fabric calculator; yardage calculator,azure.microsoft.com; docs.equinix.com; elmwoodbark.com; fabrics-fabrics.com; frsystems.ca
how to estimate fabric yardage requirement,fabric yardage calculator; fabric calculator; yardage calculator,azure.microsoft.com; docs.equinix.com; elmwoodbark.com; fabrics-fabrics.com; frsystems.ca
how to estimate fabric yardage requirement for,fabric yardage calculator; fabric calculator; yardage calculator,azure.microsoft.com; docs.equinix.com; elmwoodbark.com; fabrics-fabrics.com; frsystems.ca
how to use,fabric yardage calculator; fabric calculator; yardage calculator,azure.microsoft.com; docs.equinix.com; elmwoodbark.com; fabrics-fabrics.com; frsystems.ca
how to use the,fabric yardage calculator; fabric calculator; yardage calculator,azure.microsoft.com; docs.equinix.com; elmwoodbark.com; fabrics-fabrics.com; frsystems.ca
how to use the sailrite®,fabric yardage calculator; fabric calculator; yardage calculator,azure.microsoft.com; docs.equinix.com; elmwoodbark.com; fabrics-fabrics.com; frsystems.ca
how to use the sailrite® fabric,fabric yardage calculator; fabric calculator; yardage calculator,azure.microsoft.com; docs.equinix.com; elmwoodbark.com; fabrics-fabrics.com; frsystems.ca
how to use the sailrite® fabric calculator,fabric yardage calculator; fabric calculator; yardage calculator,azure.microsoft.com; docs.equinix.com; elmwoodbark.com; fabrics-fabrics.com; frsystems.ca
quilt backing calculator,fabric yardage calculator; fabric calculator; yardage calculator,azure.microsoft.com; docs.equinix.com; elmwoodbark.com; fabrics-fabrics.com; frsystems.ca
select cushion type,fabric yardage calculator; fabric calculator; yardage calculator,azure.microsoft.com; docs.equinix.com; elmwoodbark.com; fabrics-fabrics.com; frsystems.ca
you're patterning wrong!,fabric yardage calculator; fabric calculator; yardage calculator,azure.microsoft.com; docs.equinix.com; elmwoodbark.com; fabrics-fabrics.com; frsystems.ca
you're patterning wrong! use,fabric yardage calculator; fabric calculator; yardage calculator,azure.microsoft.com; docs.equinix.com; elmwoodbark.com; fabrics-fabrics.com; frsystems.ca
you're patterning wrong! use this,fabric yardage calculator; fabric calculator; yardage calculator,azure.microsoft.com; docs.equinix.com; elmwoodbark.com; fabrics-fabrics.com; frsystems.ca
you're patterning wrong! use this free,fabric yardage calculator; fabric calculator; yardage calculator,azure.microsoft.com; docs.equinix.com; elmwoodbark.com; fabrics-fabrics.com; frsystems.ca
you're patterning wrong! use this free tool,fabric yardage calculator; fabric calculator; yardage calculator,azure.microsoft.com; docs.equinix.com; elmwoodbark.com; fabrics-fabrics.com; frsystems.ca
